{
  "Comment.nvim": {
    "commit": "5f01c1a"
  },
  "LuaSnip": {
    "commit": "09ce9a7"
  },
  "alpha-nvim": {
    "commit": "a858e4e"
  },
  "bigfile.nvim": {
    "commit": "70e4989"
  },
  "bufferline.nvim": {
    "commit": "4ecfa81"
  },
  "cmp-buffer": {
    "commit": "3022dbc"
  },
  "cmp-nvim-lsp": {
    "commit": "5922477"
  },
  "cmp-path": {
    "commit": "91ff86c"
  },
  "cmp_luasnip": {
    "commit": "1809552"
  },
  "friendly-snippets": {
    "commit": "ef8caa5"
  },
  "gitsigns.nvim": {
    "commit": "9ff7dfb"
  },
  "indent-blankline.nvim": {
    "commit": "db7cbcb"
  },
  "lir.nvim": {
    "commit": "7d8c6c4"
  },
  "lualine.nvim": {
    "commit": "3325d5d"
  },
  "lunar.nvim": {
    "commit": "29eedf7"
  },
  "mason-lspconfig.nvim": {
    "commit": "a1e2219"
  },
  "mason.nvim": {
    "commit": "9f84d49"
  },
  "neodev.nvim": {
    "commit": "fdcbdaf"
  },
  "nlsp-settings.nvim": {
    "commit": "9ea9a13"
  },
  "null-ls.nvim": {
    "commit": "07d4ed4"
  },
  "nvim-autopairs": {
    "commit": "6b6e35f"
  },
  "nvim-cmp": {
    "commit": "8a9e8a8"
  },
  "nvim-dap": {
    "commit": "6164368"
  },
  "nvim-dap-ui": {
    "commit": "69a3982"
  },
  "nvim-lspconfig": {
    "commit": "ea5744f"
  },
  "nvim-navic": {
    "commit": "40c0ab2"
  },
  "nvim-tree.lua": {
    "commit": "68a2a09"
  },
  "nvim-treesitter": {
    "commit": "b880011"
  },
  "nvim-ts-context-commentstring": {
    "commit": "32d9627"
  },
  "nvim-web-devicons": {
    "commit": "3b1b794"
  },
  "onedarker.nvim": {
    "commit": "b00dd21"
  },
  "packer.nvim": {
    "commit": "6afb674"
  },
  "plenary.nvim": {
    "commit": "4b7e520"
  },
  "popup.nvim": {
    "commit": "b7404d3"
  },
  "project.nvim": {
    "commit": "685bc8e"
  },
  "schemastore.nvim": {
    "commit": "7741353"
  },
  "structlog.nvim": {
    "commit": "232a8e2"
  },
  "telescope-fzf-native.nvim": {
    "commit": "65c0ee3"
  },
  "telescope.nvim": {
    "commit": "0b1c41a"
  },
  "toggleterm.nvim": {
    "commit": "3ba6838"
  },
  "tokyonight.nvim": {
    "commit": "62b4e89"
  },
  "vim-illuminate": {
    "commit": "a6d0b28"
  },
  "which-key.nvim": {
    "commit": "61553ae"
  }
}
